bcr_patient_barcode,dataset,GATA3,PTEN,XBP1,ESR1,MUC1
BRCA1,BRCA,2.87,1.36,2.98,3.08,1.65
BRCA2,BRCA,2.17,0.43,2.55,2.39,3.08
BRCA3,BRCA,1.32,1.31,3.02,0.79,2.98
BRCA4,BRCA,1.84,0.81,3.13,2.5,-1.92
BRCA5,BRCA,-6.03,0.25,-1.45,-4.86,-1.17
BRCA6,BRCA,1.8,1.31,4.04,2.8,3.53
BRCA7,BRCA,-4.88,-0.24,-0.72,-4.49,-1.46
BRCA8,BRCA,-3.14,-1.24,-1.19,-1.63,-0.99
BRCA9,BRCA,2.03,1.21,2.28,4.12,0.67
BRCA10,BRCA,-0.29,0.29,-1.6,0.47,0.01
BRCA11,BRCA,-0.8,-0.17,0.33,-1.8,1.04
BRCA12,BRCA,2.65,0.58,3.06,3.85,1.9
BRCA13,BRCA,-2.31,0,-1.18,-3.25,-0.68
BRCA14,BRCA,-3.76,0.46,-2.44,-4.21,-1.37
BRCA15,BRCA,3.93,0.71,2.09,4.07,1.26
BRCA16,BRCA,-1.28,0.37,1.72,-1.46,2
BRCA17,BRCA,1.62,0.92,2.01,0.92,4.12
BRCA18,BRCA,1.87,-0.04,1.18,3.01,1.9
BRCA19,BRCA,1.47,0.15,1.51,0.43,-0.48
BRCA20,BRCA,-2.96,1.36,-1.15,-1.44,1.46
BRCA21,BRCA,2.35,0.94,0.96,2.85,1.58
BRCA22,BRCA,2.46,0.64,2.45,4.36,2.86
BRCA23,BRCA,3.37,-0.14,2.45,4.52,3.04
BRCA24,BRCA,2.98,0.27,3.19,3.99,-0.15
BRCA25,BRCA,2.26,0.47,2.78,5.13,1.28
BRCA26,BRCA,1.99,0.98,1.44,3.64,3.01
BRCA27,BRCA,1.54,0.46,1.62,4.53,-0.24
BRCA28,BRCA,1.48,0.86,1.03,-1.27,2.03
BRCA29,BRCA,0.04,0.64,1.14,4.39,2.66
BRCA30,BRCA,2.31,0.98,0.42,1.66,1.55
BRCA31,BRCA,-2.2,0.34,-1.81,-4.63,1.01
BRCA32,BRCA,1.82,1.1,2.16,-2.72,-2.58
BRCA33,BRCA,-1.29,-0.7,-0.87,-2.59,-0.97
BRCA34,BRCA,2.98,0.27,2.93,3.19,3.45
BRCA35,BRCA,2.13,-0.13,2.48,3.56,-0.4
BRCA36,BRCA,1.99,1.36,2.36,4.17,3.24
BRCA37,BRCA,1.38,0.78,1.93,3.44,2.82
BRCA38,BRCA,1.8,1.25,2.48,3.26,3.04
BRCA39,BRCA,1.83,0.73,1.88,0.11,-0.11
BRCA40,BRCA,2.95,1.03,3.49,4.59,1.04
BRCA41,BRCA,0.79,1.12,3.35,3.19,2.26
BRCA42,BRCA,2.79,1.01,1.88,4.39,1.06
BRCA43,BRCA,2.64,0.55,3.47,4.44,0.64
BRCA44,BRCA,1.71,0.93,2.53,3.99,2.93
BRCA45,BRCA,1.55,1.34,2.54,3.55,2.96
BRCA46,BRCA,1.76,1.09,2.3,2.3,2.15
BRCA47,BRCA,1.22,0.4,2.71,2.93,2.5
BRCA48,BRCA,-0.08,1.11,0.6,0.62,0.02
BRCA49,BRCA,2.83,0.56,2.29,5.06,2.27
BRCA50,BRCA,1.83,0.34,1.88,1.89,2.59
BRCA51,BRCA,0.36,0.82,1.5,3.47,2.74
BRCA52,BRCA,-1.74,1.22,0.38,-1.14,-0.5
BRCA53,BRCA,2.09,1.25,3.7,3.87,3.45
BRCA54,BRCA,0.34,-0.55,0.84,-2,2.34
BRCA55,BRCA,0.11,0.39,1.44,-2.69,1.19
BRCA56,BRCA,0.16,-1.12,-1.75,-2.88,2.56
BRCA57,BRCA,2.12,1.27,2.98,3.59,1.13
BRCA58,BRCA,2.37,1.14,2.48,4.27,2.52
BRCA59,BRCA,1.94,0.94,2.68,2.79,2.88
BRCA60,BRCA,1.93,1.39,1.27,2.07,2.72
BRCA61,BRCA,1.7,1.09,1.91,1.69,3.24
BRCA62,BRCA,2.25,2.2,4.03,4.37,2.69
BRCA63,BRCA,2.19,0.86,2.15,3.93,3.67
BRCA64,BRCA,-2.94,-1.58,-0.92,-3.9,0.46
BRCA65,BRCA,1.73,0.85,2.74,5.55,3.7
BRCA66,BRCA,1.43,0.28,2.14,3.45,3.11
BRCA67,BRCA,2.02,0.9,3.27,3.74,2.21
BRCA68,BRCA,2.33,0.2,3.73,4.53,2.71
BRCA69,BRCA,-4.57,0.66,-1.4,-3.59,2.85
BRCA70,BRCA,1.43,1.19,2.21,3.83,2.76
BRCA71,BRCA,1.97,1.56,2.26,2.38,2.31
BRCA72,BRCA,-2.71,0.46,-1.59,-2.92,0.87
BRCA73,BRCA,1.5,0.42,2.03,3.88,2.75
BRCA74,BRCA,3.14,0.62,3.44,4.63,3.32
BRCA75,BRCA,0,1.69,3.2,3.98,1.26
BRCA76,BRCA,-1.03,0.05,-1.26,-1.1,1.92
BRCA77,BRCA,1.22,1.57,1.05,4.65,3.47
BRCA78,BRCA,0.32,0.88,1.36,3.15,1.69
BRCA79,BRCA,2.48,0.62,3.02,5.47,3.78
BRCA80,BRCA,2.42,0.02,2.3,4.66,-1.92
BRCA81,BRCA,-3.25,2.04,-1.67,0.58,-2.79
BRCA82,BRCA,2.84,0.92,3.13,3.29,1.38
BRCA83,BRCA,-1.06,0.48,-0.78,-3.34,2.15
BRCA84,BRCA,-3.86,1.7,-1.38,0.03,-2.4
BRCA85,BRCA,1.93,-0.42,2.06,4.46,3.79
BRCA86,BRCA,-1.75,-0.43,-1.21,-3.04,2.97
BRCA87,BRCA,-0.43,1.75,0.85,2.49,0.23
BRCA88,BRCA,-4.4,0.83,-1.34,-1.09,0.87
BRCA89,BRCA,-0.75,1.92,-0.07,0.35,-0.05
BRCA90,BRCA,2.26,1.07,3.16,2.84,3.56
BRCA91,BRCA,3.32,-0.1,3.65,5.61,1.49
BRCA92,BRCA,0.79,-0.26,3.21,4.58,0.04
BRCA93,BRCA,1.6,0.84,1.85,3.09,2.27
BRCA94,BRCA,0.89,-0.04,3.24,3.48,2.79
BRCA95,BRCA,1.1,0.53,1.28,4.43,2.15
BRCA96,BRCA,2.38,1.04,2.52,5.27,3.03
BRCA97,BRCA,2.67,0,2.71,4.34,-1.05
BRCA98,BRCA,3.71,0.65,0.9,4.95,1.99
BRCA99,BRCA,2.98,0.52,1.29,5.26,2.25
BRCA100,BRCA,1.44,0.73,2.89,4.43,2.71
BRCA101,BRCA,1.71,0.59,2.24,1.47,3.1
BRCA102,BRCA,1.62,0.67,1.96,1.9,2.67
BRCA103,BRCA,2.6,0.44,2.93,5.37,-2.35
BRCA104,BRCA,2.12,0.89,2.01,3.03,0.73
BRCA105,BRCA,-4.39,-0.18,-1.12,-3.46,-1.9
BRCA106,BRCA,1.21,0.77,2.23,4.14,3.08
BRCA107,BRCA,1.93,1.09,2.88,3.26,3.37
BRCA108,BRCA,1.74,0.88,3.05,4.66,3.3
BRCA109,BRCA,1.54,1.23,4.3,3.98,3.1
BRCA110,BRCA,2.47,0.96,1.48,2.49,2.72
BRCA111,BRCA,2.15,0.67,3.34,5.79,2.66
BRCA112,BRCA,-2.05,0.73,-1,-1.67,3.27
BRCA113,BRCA,1.14,0.76,3.73,4.76,2.35
BRCA114,BRCA,-0.93,-0.1,-0.52,-4.42,1
BRCA115,BRCA,2.73,1.31,3.77,4.62,2.67
BRCA116,BRCA,-0.69,0.55,1.16,-0.46,1.84
BRCA117,BRCA,0.89,0.83,2.3,5.12,0.12
BRCA118,BRCA,3.15,0.82,3.08,4.4,3.09
BRCA119,BRCA,1.48,0.04,2.97,4.81,2.21
BRCA120,BRCA,2.34,0.48,2.77,3.53,1.79
BRCA121,BRCA,3.87,0.5,3.52,5.9,2.86
BRCA122,BRCA,2.33,0.41,2.5,4.13,3.7
BRCA123,BRCA,2.07,1.18,2.29,4.27,-1.66
BRCA124,BRCA,1.82,0.89,2.34,3.98,-1.55
BRCA125,BRCA,2.42,-0.73,2.67,4.52,3.39
BRCA126,BRCA,2.15,0.29,2.84,2.44,2.95
BRCA127,BRCA,2.65,0.73,2.38,5.09,3.83
BRCA128,BRCA,1.51,0.08,2.38,4.23,1.47
BRCA129,BRCA,3.34,0.56,3.45,4.49,2.07
BRCA130,BRCA,-1.37,0.73,-0.71,2.27,0.05
BRCA131,BRCA,1.4,0.63,2.51,5.25,1.64
BRCA132,BRCA,2.34,0.87,0.35,0.59,1.21
BRCA133,BRCA,0.88,0.56,2.05,1.59,0.95
BRCA134,BRCA,2.41,1.05,2.62,2.85,2.74
BRCA135,BRCA,0.92,0.56,2.29,3,2.52
BRCA136,BRCA,-3.77,0.42,0.53,-2.97,1.11
BRCA137,BRCA,2.63,1.1,3.12,4.61,2.76
BRCA138,BRCA,2.28,0.52,2.5,4.21,3.32
BRCA139,BRCA,-1.91,0.57,1.61,-1.59,1.58
BRCA140,BRCA,2.44,0.94,1.7,2.87,3.08
BRCA141,BRCA,2.42,0.86,1.73,4.75,2.99
BRCA142,BRCA,3.51,0.61,3.82,4.41,-0.66
BRCA143,BRCA,1.58,0.79,3.12,1.89,2.81
BRCA144,BRCA,2.27,0.46,2.97,4.48,3.19
BRCA145,BRCA,-0.4,0.35,2.69,1.06,2.48
BRCA146,BRCA,2.12,1.18,3.02,4.04,3.4
BRCA147,BRCA,1.46,1.66,3.33,4.25,3.27
BRCA148,BRCA,1.27,0.55,1.79,3.67,2.59
BRCA149,BRCA,2.35,1.13,4.49,5.34,3.5
BRCA150,BRCA,2.36,0.71,3.17,3.54,2.41
BRCA151,BRCA,2.38,0.52,3.37,4.48,3.19
BRCA152,BRCA,2.13,0.68,1.95,4.63,3.36
BRCA153,BRCA,2.24,1.07,2.83,1.9,0.44
BRCA154,BRCA,2.27,-0.21,3.45,4.79,2.82
BRCA155,BRCA,0.34,1.4,3.06,-0.07,3.84
BRCA156,BRCA,2.35,0.77,2.46,3.04,3.29
BRCA157,BRCA,3.49,-0.11,3.82,5.24,2.6
BRCA158,BRCA,0.92,-1.34,3.29,4.78,1.32
BRCA159,BRCA,2.12,1.29,3.13,4.39,3.07
BRCA160,BRCA,1.64,0.68,2.48,4.79,1.86
BRCA161,BRCA,1.98,1.14,2.36,3.26,2.55
BRCA162,BRCA,2.04,-0.5,2.32,3.84,2.87
BRCA163,BRCA,2.52,0.57,3.42,3.75,3.22
BRCA164,BRCA,1.12,0.48,1.48,3.4,3.74
BRCA165,BRCA,0.01,-0.02,1.63,-2.11,2.06
BRCA166,BRCA,2.45,-0.37,1.89,4.01,4.05
BRCA167,BRCA,2.7,0.89,3.35,4.93,3.62
BRCA168,BRCA,2.84,-0.77,4.03,4.87,2.96
BRCA169,BRCA,1.7,0.84,1.39,3.38,2.54
BRCA170,BRCA,1.9,0.97,2.93,2.52,3.54
BRCA171,BRCA,-1.11,0.64,0.74,-1.4,2.34
BRCA172,BRCA,1.96,0.77,3.3,4.63,2.83
BRCA173,BRCA,2.49,0.45,2.87,5.28,2.53
BRCA174,BRCA,1.52,0.64,2.92,4.88,2.51
BRCA175,BRCA,1.69,0.73,3.03,4.02,2.96
BRCA176,BRCA,3,-0.07,3.42,4.53,1.69
BRCA177,BRCA,2.47,0.98,3.76,3.28,0.91
BRCA178,BRCA,1.72,0.67,2.47,4.58,2.94
BRCA179,BRCA,2.17,1.49,2.36,4.78,2.23
BRCA180,BRCA,1.87,1.17,2.81,2.67,2.34
BRCA181,BRCA,-0.16,0.61,1.27,-0.11,1.3
BRCA182,BRCA,-4.94,-2.4,-0.64,-4.11,0.41
BRCA183,BRCA,1.62,0.49,2.28,3.92,1.21
BRCA184,BRCA,2.24,0.15,2.9,3.86,2.3
BRCA185,BRCA,-1.6,0.79,0.58,-3.02,1.12
BRCA186,BRCA,1.8,-0.3,1.83,4.6,0.26
BRCA187,BRCA,0.36,-2.32,-1.43,-2.32,-2.39
BRCA188,BRCA,1.29,0.69,2.48,2.42,3.15
BRCA189,BRCA,-3.62,-1.7,-1.38,-3.72,-0.95
BRCA190,BRCA,2.7,1.07,1.01,4.3,2.25
BRCA191,BRCA,3.17,1.17,1.67,3.02,2.89
BRCA192,BRCA,-3.62,2.18,-1.11,-4.13,-2.08
BRCA193,BRCA,2.37,1.04,2.49,5.19,3.05
BRCA194,BRCA,0.27,0.13,0.17,-3.58,2.66
BRCA195,BRCA,1.25,1.32,1.68,2.98,2.48
BRCA196,BRCA,2.32,1.01,2.77,4.64,3.42
BRCA197,BRCA,2.31,0.34,1.66,2.88,2.64
BRCA198,BRCA,1.19,0.55,0.58,-1.22,1.99
BRCA199,BRCA,1.27,0.85,2.38,4.3,3.35
BRCA200,BRCA,-1.87,0.45,-1.07,-0.45,1.04
BRCA201,BRCA,2.18,0.34,2.03,4.01,-0.39
BRCA202,BRCA,2.38,0.53,1.92,3.7,1.3
BRCA203,BRCA,-1.71,1.14,0.73,-4.17,-1.85
BRCA204,BRCA,2.05,0.96,3.51,4.21,3.46
BRCA205,BRCA,0.86,1.23,1.39,1.92,2.26
BRCA206,BRCA,1.68,1.61,2.14,4.22,3.34
BRCA207,BRCA,2.57,0.3,3.94,5.57,3.92
BRCA208,BRCA,2.28,0.69,2.09,5.19,3.84
BRCA209,BRCA,1.54,0.75,2.51,4.05,1.03
BRCA210,BRCA,2.82,0.92,2.36,5.67,0.4
BRCA211,BRCA,-2.24,0.26,-0.23,0.11,1.88
BRCA212,BRCA,2.4,0.75,2.62,4.59,2.8
BRCA213,BRCA,1.4,1.53,1.67,2.18,1.98
BRCA214,BRCA,1.7,1.14,1.51,2.31,2.8
BRCA215,BRCA,2.33,0.34,3.12,1.62,0.93
BRCA216,BRCA,2.72,-0.4,0.25,2.3,2.03
BRCA217,BRCA,2.27,0.18,3.51,4.24,1.71
BRCA218,BRCA,2.76,0.15,2.26,4.41,-1.27
BRCA219,BRCA,2.84,0.9,1.92,3.81,1.35
BRCA220,BRCA,2.18,-0.26,2.07,2.38,1.25
BRCA221,BRCA,-1,1.45,0.06,-1.6,2.25
BRCA222,BRCA,2.18,0.85,2.39,2.59,1.47
BRCA223,BRCA,0.15,-1.62,2.05,-1.75,1.4
BRCA224,BRCA,3.51,0.55,2.47,4.86,-0.19
BRCA225,BRCA,-3.02,0.91,-0.26,-3.17,2.72
BRCA226,BRCA,3.15,1.13,2.11,3.5,3.4
BRCA227,BRCA,-0.58,-0.97,-0.96,-1.21,1.31
BRCA228,BRCA,2.47,0.01,1.91,4.99,2.12
BRCA229,BRCA,2.52,1.04,2.12,4.4,3.5
BRCA230,BRCA,1.66,0.93,0.02,3.15,0.41
BRCA231,BRCA,1.43,0.73,1.73,3.06,3.43
BRCA232,BRCA,2.07,0.26,0.4,2.48,2.08
BRCA233,BRCA,0.78,0.55,0.22,2.57,-0.02
BRCA234,BRCA,1.52,-1.66,2.43,3.41,3.03
BRCA235,BRCA,-0.55,1.14,1.31,-1.72,3.33
BRCA236,BRCA,1.58,1.61,3.58,3.73,3.17
BRCA237,BRCA,3.77,1.16,2.69,3.7,1.04
BRCA238,BRCA,2.97,1.22,3.53,4.77,0.78
BRCA239,BRCA,2.33,1.72,2.69,4.37,3.06
BRCA240,BRCA,-1.8,-0.26,-2.28,-3.83,-0.29
BRCA241,BRCA,2.26,1,2.39,2.05,3.37
BRCA242,BRCA,-1.76,-1.53,-1.52,-4.56,1.67
BRCA243,BRCA,2.84,0.59,2.81,5.24,3.57
BRCA244,BRCA,3.25,0.35,1.84,2.07,1.43
BRCA245,BRCA,-2.92,-0.35,-0.48,0.16,3.62
BRCA246,BRCA,-0.21,-0.29,-0.57,-1.26,-0.32
BRCA247,BRCA,2.57,1.68,1.36,3.12,3.62
BRCA248,BRCA,2,1.02,3.76,6.11,3.07
BRCA249,BRCA,2.55,0.69,1.88,2.68,3.13
BRCA250,BRCA,-1.18,0.23,2.07,-1.07,2.73
BRCA251,BRCA,1.81,0.88,2.26,2.71,2.91
BRCA252,BRCA,-0.19,-0.06,-1.64,-4.03,-1.01
BRCA253,BRCA,1.69,0.34,3.65,4.16,2.57
BRCA254,BRCA,3.4,0.44,4.04,6,-1.7
BRCA255,BRCA,2.86,0.3,4.34,5.56,-0.59
BRCA256,BRCA,-1.16,-0.22,-0.44,-1.19,1.75
BRCA257,BRCA,0.67,0.2,1.32,1.93,0.67
BRCA258,BRCA,-5.25,0.71,0.12,-4.65,0.15
BRCA259,BRCA,2.84,0.63,2.97,2.15,1.88
BRCA260,BRCA,2.95,0.65,2.25,5.18,2.77
BRCA261,BRCA,-2.98,0.92,-0.87,-2.38,1.25
BRCA262,BRCA,2.47,0.41,2.15,2.88,1.43
BRCA263,BRCA,-0.72,0.72,-2.21,-0.41,-1.7
BRCA264,BRCA,1.99,0.45,4.32,5.92,1.11
BRCA265,BRCA,2.35,0.06,2.34,2.38,3.52
BRCA266,BRCA,1.22,1.55,3.63,-1.49,2.64
BRCA267,BRCA,1.59,1.43,1.22,4.39,0.78
BRCA268,BRCA,3.29,1.03,3.08,3.56,2.49
BRCA269,BRCA,-3.1,-0.62,-0.18,-3.21,2.44
BRCA270,BRCA,1.86,0.41,2.09,2.33,2.46
BRCA271,BRCA,2.78,1.26,2.39,4.94,3.2
BRCA272,BRCA,-1.23,0.59,-0.85,-1.51,1.7
BRCA273,BRCA,-0.53,-0.59,-1.83,-4.7,-1.49
BRCA274,BRCA,-0.77,-0.73,0.07,-0.21,1.22
BRCA275,BRCA,-0.67,0.7,-0.76,-1.22,2.05
BRCA276,BRCA,1.67,1.03,2.08,3.07,2.27
BRCA277,BRCA,1.39,1.99,2.21,3.06,3.53
BRCA278,BRCA,1.22,0.84,2.77,2.84,3.43
BRCA279,BRCA,-1.23,1.25,0.55,-0.34,0.56
BRCA280,BRCA,2.42,1.34,2.28,3.64,2.02
BRCA281,BRCA,-0.41,0.89,0.74,-1.57,0.21
BRCA282,BRCA,-0.16,0.76,-1.91,-0.62,-0.16
BRCA283,BRCA,1.72,0.16,2.59,4.15,3.87
BRCA284,BRCA,1.31,1.4,1.88,1.44,3.59
BRCA285,BRCA,1.36,1.41,2.32,2.94,1.9
BRCA286,BRCA,1.56,1.1,2.34,3.24,-0.76
BRCA287,BRCA,1.56,1.13,2.9,4.48,3.47
BRCA288,BRCA,1.15,0.8,2.29,2.64,2.49
BRCA289,BRCA,-2.38,-1.03,-1.51,-0.94,0.23
BRCA290,BRCA,-2.09,1.33,-1.22,1.45,-0.41
BRCA291,BRCA,2.66,0.47,1.58,2.63,2.29
BRCA292,BRCA,-3.81,0.43,-1.5,-3.57,0.15
BRCA293,BRCA,1.64,-0.36,3.17,2.51,3.08
BRCA294,BRCA,1.9,1.59,2.82,4.04,3.05
BRCA295,BRCA,2.51,1.28,2.18,3.49,3.15
BRCA296,BRCA,2.52,-0.62,2.83,4.67,3.17
BRCA297,BRCA,2.38,1.81,3.13,5.18,2.23
BRCA298,BRCA,1.36,0.9,1.98,2.08,1.5
BRCA299,BRCA,2.6,0.66,1.69,3.32,2.96
BRCA300,BRCA,2.54,0.83,1.78,3.16,3.51
BRCA301,BRCA,-1.99,0.59,-0.04,-0.34,2.14
BRCA302,BRCA,-0.13,0.29,1.94,-2.18,3.08
BRCA303,BRCA,2.47,1.31,2.94,4.99,3.06
BRCA304,BRCA,1.1,0.58,0.91,3.73,-0.1
BRCA305,BRCA,2.33,-0.08,2.89,5.31,1.23
BRCA306,BRCA,2.14,0.76,2.71,4.97,2.95
BRCA307,BRCA,-0.55,0.21,-1.92,-3.7,-0.57
BRCA308,BRCA,0.44,0.6,-0.96,-1.12,0.68
BRCA309,BRCA,3.11,0.82,3.07,4.15,2.69
BRCA310,BRCA,2.13,0.91,2.55,2.01,3.53
BRCA311,BRCA,2.25,1.48,2.46,3.91,3.23
BRCA312,BRCA,3.48,-0.51,2.61,5.49,1.29
BRCA313,BRCA,2.93,0.65,3.58,5.65,0.62
BRCA314,BRCA,2.87,1.01,2.14,3.55,2.75
BRCA315,BRCA,1.48,1.14,3.43,4.77,2.84
BRCA316,BRCA,2.21,1.21,3.53,5.07,3.57
BRCA317,BRCA,1.46,1.14,2.17,3,1.94
BRCA318,BRCA,0.94,0.27,1.02,-3.61,1.78
BRCA319,BRCA,-0.69,0.55,0.45,-1.83,0.78
BRCA320,BRCA,-1.36,-0.3,-0.15,-0.53,1.17
BRCA321,BRCA,1.88,0.89,3.78,4.5,1.88
BRCA322,BRCA,2.62,0.64,2.87,4.44,2.38
BRCA323,BRCA,1.9,1.07,3.22,3.11,2.81
BRCA324,BRCA,2.65,1.35,2.84,4.93,2.33
BRCA325,BRCA,1.89,0.6,2.56,4.71,3.08
BRCA326,BRCA,-1.39,0.12,-1.23,-2.74,0.74
BRCA327,BRCA,1.62,0.9,1.95,2.11,1.94
BRCA328,BRCA,2.04,1.22,2.32,4.26,3.06
BRCA329,BRCA,2.57,0.41,3,3.31,3.13
BRCA330,BRCA,-0.77,-0.88,-1.06,0.75,1.4
BRCA331,BRCA,2.65,1,3.14,4.25,2.99
BRCA332,BRCA,1.9,1.26,3.26,4.76,2.31
BRCA333,BRCA,2.99,0.45,2.88,3.75,2.27
BRCA334,BRCA,0.12,1.16,2,2.64,0.81
BRCA335,BRCA,1.53,1.42,2.58,3.43,2.94
BRCA336,BRCA,-3.82,0.96,-0.72,-3.61,1.98
BRCA337,BRCA,0.46,0.38,2.5,-0.6,3.49
BRCA338,BRCA,0.44,1.27,2.08,3.42,1.16
BRCA339,BRCA,2.02,1.19,2.2,2.69,2.9
BRCA340,BRCA,2.45,1.2,2.54,2.29,3.89
BRCA341,BRCA,2.4,0.82,0.87,2.86,4.28
BRCA342,BRCA,2.07,0.78,2.89,4.25,2.08
BRCA343,BRCA,1.58,0.94,2.33,3.55,1.08
BRCA344,BRCA,-0.14,-0.48,0.16,-1.63,2.71
BRCA345,BRCA,1.86,0.92,1.1,3.65,1.61
BRCA346,BRCA,-3.23,2.8,-1.94,-0.42,-2.34
BRCA347,BRCA,2.02,1.29,1.91,2.36,2.97
BRCA348,BRCA,-0.34,0.8,2.58,2.33,1.49
BRCA349,BRCA,0.65,0.6,1.79,-2.41,2.42
BRCA350,BRCA,-2.32,2.02,-1.34,0.43,-2.09
BRCA351,BRCA,2.63,1.35,3.02,4.95,2.37
BRCA352,BRCA,-2.58,0.91,-1.67,-3.24,-2.34
BRCA353,BRCA,0.06,1.32,1.55,2.92,1.07
BRCA354,BRCA,2.3,0.79,2.5,3.55,3.21
BRCA355,BRCA,-0.5,2.32,0.19,2.32,-0.12
BRCA356,BRCA,1.83,1.09,2.66,4.51,3.39
BRCA357,BRCA,2.48,1.33,3.29,2.89,3.72
BRCA358,BRCA,1.23,0.5,1.83,1.3,1.97
BRCA359,BRCA,-2.03,0.71,-0.9,-2.72,1.43
BRCA360,BRCA,1.01,1.36,1.46,1.39,0.99
BRCA361,BRCA,2.17,0.78,2.21,2.9,3.33
BRCA362,BRCA,-0.28,0.26,-0.98,-1.9,0.08
BRCA363,BRCA,1.28,1.19,1.35,2.89,0.65
BRCA364,BRCA,2.49,0.86,1.83,3.02,3.53
BRCA365,BRCA,0.18,0.8,3.25,3.91,3.51
BRCA366,BRCA,1.1,0.76,2.8,4.24,2.54
BRCA367,BRCA,0.51,0.93,1.61,1.24,1.73
BRCA368,BRCA,2.27,0.99,2.58,2.94,3.19
BRCA369,BRCA,1.59,1.38,0.78,1.05,2.54
BRCA370,BRCA,0.92,0.92,1.3,2.84,1.23
BRCA371,BRCA,2.07,0.54,1.51,3.34,3.06
BRCA372,BRCA,2.5,1.2,3.44,5.01,3.51
BRCA373,BRCA,1.25,1.54,1.97,2.36,0.93
BRCA374,BRCA,2.28,1.11,2.35,4.5,2.99
BRCA375,BRCA,-0.24,0.74,0.79,1.5,0.45
BRCA376,BRCA,-1.13,-0.45,-0.43,-0.7,3.14
BRCA377,BRCA,0.27,1.42,1.86,2.8,0.82
BRCA378,BRCA,0.65,1.64,1.93,3.03,2.64
BRCA379,BRCA,0.83,1.19,2.12,3.46,1.43
BRCA380,BRCA,2.25,-0.6,3.8,3.94,1.81
BRCA381,BRCA,2.01,1.08,2.82,3.13,3.12
BRCA382,BRCA,-0.16,1.56,1.23,1.88,1.03
BRCA383,BRCA,-0.57,1.86,1.83,2.4,3.8
BRCA384,BRCA,2.6,0.73,2.63,4.74,2.43
BRCA385,BRCA,-3.36,2.25,-1.61,0.66,-1.3
BRCA386,BRCA,2.39,1.83,2.28,4.31,1.78
BRCA387,BRCA,1.47,0.76,2.39,3.4,2.65
BRCA388,BRCA,1.63,1.44,2.33,2.64,2.85
BRCA389,BRCA,0.2,1.34,0.7,3.1,0.29
BRCA390,BRCA,2.32,1.32,1.85,3.82,3.17
BRCA391,BRCA,1.21,1.59,1.82,2.25,1.84
BRCA392,BRCA,0.54,1.2,3.05,2.71,2.03
BRCA393,BRCA,2.31,1.53,2.7,3.05,2.26
BRCA394,BRCA,0.62,1.41,1.31,2.32,0.22
BRCA395,BRCA,-0.79,0.86,-0.43,1.35,1.92
BRCA396,BRCA,0.44,1.27,1.06,2.56,0.48
BRCA397,BRCA,1.71,0.73,3.7,5,3.51
BRCA398,BRCA,1.05,1.33,3,3.52,1.72
BRCA399,BRCA,2.54,1.17,2.46,4.15,3.89
BRCA400,BRCA,0.48,1.41,3.34,2.57,1.73
BRCA401,BRCA,2.2,1.21,2.17,3.04,2.34
BRCA402,BRCA,2.24,0.5,2.29,3.83,3.89
BRCA403,BRCA,0.3,1.45,2.1,2.49,1.04
BRCA404,BRCA,2.14,1.48,2.08,3.26,2.59
BRCA405,BRCA,0.53,0.68,0.65,1.22,0.84
BRCA406,BRCA,2.02,0.7,2.7,4.55,3.54
BRCA407,BRCA,0.55,1.28,2.38,1.19,2.22
BRCA408,BRCA,1.42,0.96,2.23,1.26,3.37
BRCA409,BRCA,0.85,1.37,2.4,1.49,1.43
BRCA410,BRCA,0.58,0.46,-1.72,-1.97,2.07
BRCA411,BRCA,0.5,1.07,1.75,2.06,0.33
BRCA412,BRCA,1.98,1.14,3.09,3.6,3.68
BRCA413,BRCA,2.97,0.96,2.55,3.37,1.9
BRCA414,BRCA,0.38,0.49,-0.88,-0.62,-0.66
BRCA415,BRCA,2.49,1.51,3.52,4.84,2.63
BRCA416,BRCA,2.48,0.21,3.84,4.32,2.52
BRCA417,BRCA,3.88,0.92,1.81,3.71,2.83
BRCA418,BRCA,2.52,0.95,2.87,5.13,3.34
BRCA419,BRCA,-1.17,0.72,1.05,-0.95,3.39
BRCA420,BRCA,2.87,0.37,2.88,3.38,3.32
BRCA421,BRCA,1.82,0.48,1.14,2.41,2.61
BRCA422,BRCA,2.16,0.95,2.51,4.7,1.09
BRCA423,BRCA,2.64,0.35,2.64,3.92,3.23
BRCA424,BRCA,2.68,1.13,0.62,2.11,2.23
BRCA425,BRCA,1.23,0.46,2.68,2.78,1.11
BRCA426,BRCA,1.54,1.45,2.21,3.18,2.25
BRCA427,BRCA,1.66,0.8,3.28,3.84,1.74
BRCA428,BRCA,0.6,1.14,2.24,3.44,1.78
BRCA429,BRCA,1.19,1.17,3.19,3.13,3.15
BRCA430,BRCA,-3.09,1.67,-1.84,0.64,-1.66
BRCA431,BRCA,2.39,0.34,2.82,4.29,3.03
BRCA432,BRCA,0.36,0.68,2.07,2.48,2.37
BRCA433,BRCA,2.65,1.19,2.48,2.9,2.39
BRCA434,BRCA,2.06,0.78,2.2,5.13,1.35
BRCA435,BRCA,1.81,0.93,3.25,4.36,3.33
BRCA436,BRCA,2.14,1.13,4.3,4.92,3.31
BRCA437,BRCA,0.52,1.03,2.25,2.95,1.42
BRCA438,BRCA,2.51,1.3,1.11,3.78,3.61
BRCA439,BRCA,1.49,1.61,2.61,3.28,3.2
BRCA440,BRCA,2.09,0.27,3.07,4.03,3.1
BRCA441,BRCA,2.01,1.06,2.29,4.43,3.2
BRCA442,BRCA,1.3,0.49,0.82,3.38,2.75
BRCA443,BRCA,2.48,0.53,2.07,5.04,1.18
BRCA444,BRCA,2.28,0.52,2.63,3.47,1.45
BRCA445,BRCA,1.21,0.96,2.29,3.41,3.37
BRCA446,BRCA,0.03,0.58,0.23,0.19,0.93
BRCA447,BRCA,1.98,1.39,3.32,5.3,3.12
BRCA448,BRCA,2.77,1.18,3.27,2.7,2.88
BRCA449,BRCA,1.73,0.45,2.4,4.13,2.29
BRCA450,BRCA,1.71,1.14,1.82,2.04,2.79
BRCA451,BRCA,-3.23,-0.66,-0.27,-3.35,0.66
BRCA452,BRCA,1.62,1,1.89,2.48,2.71
BRCA453,BRCA,0.63,0.6,-1.04,-2.58,1.28
BRCA454,BRCA,1.29,0.34,2.63,4.07,3.48
BRCA455,BRCA,2.51,1.12,2.36,3.09,3.54
BRCA456,BRCA,-0.36,1.84,1.19,1.39,0.86
BRCA457,BRCA,2.25,1.26,1.77,2.61,3.59
BRCA458,BRCA,0.97,2.47,1.78,1.66,0.84
BRCA459,BRCA,-1.01,0.42,-1.97,-1.54,-1.59
BRCA460,BRCA,0.77,1.45,1.71,3.41,1.17
BRCA461,BRCA,1.34,1.51,1.92,4.23,1.91
BRCA462,BRCA,0.14,1.24,1.64,2.14,1.05
BRCA463,BRCA,1,1.74,1.61,3.04,2.56
BRCA464,BRCA,0.4,1.66,1.91,3.34,-0.1
BRCA465,BRCA,2.01,0.96,2.97,5.37,-0.24
BRCA466,BRCA,0.22,1.64,0.62,2.02,0.51
BRCA467,BRCA,2.05,0.88,3.29,1.46,3.22
BRCA468,BRCA,1.22,1.44,1.38,2.68,0.34
BRCA469,BRCA,-1.49,0.23,-0.29,-2.05,2.25
BRCA470,BRCA,0.09,2.32,0.84,3.12,-0.03
BRCA471,BRCA,2.28,0.75,1.56,0.5,0.72
BRCA472,BRCA,-0.02,1.29,1.06,2.91,1.06
BRCA473,BRCA,2.75,0.86,3.47,4.58,3.45
BRCA474,BRCA,1.93,-0.18,1.59,3,3.3
BRCA475,BRCA,0.03,1.6,1.68,3.03,1.25
BRCA476,BRCA,1.68,0.41,2.8,3.48,1.91
BRCA477,BRCA,0.36,0.13,0.83,1.69,0.99
BRCA478,BRCA,-2.18,1.21,-1.22,-1.49,2.17
BRCA479,BRCA,-3.45,1.69,-2.26,-0.48,-1.89
BRCA480,BRCA,1.39,1.02,1.39,3.73,2.71
BRCA481,BRCA,2.24,1.46,1.89,3.58,-0.57
BRCA482,BRCA,0.66,1.6,0.93,2.23,0.69
BRCA483,BRCA,2.57,0.91,2.6,4.74,3.81
BRCA484,BRCA,0.01,1.16,1.34,2.94,1.38
BRCA485,BRCA,1.53,0.98,2.34,4.56,2.35
BRCA486,BRCA,1.91,1.43,2.32,2.87,3.99
BRCA487,BRCA,0.31,1.74,1.31,3.12,1.9
BRCA488,BRCA,1.51,1.12,2.54,2.85,2.54
BRCA489,BRCA,0.23,1.98,0.86,2.37,1.07
BRCA490,BRCA,-2.97,1.13,-0.06,-1.66,2.55
BRCA491,BRCA,-1.5,1.18,-0.73,0.64,0.97
BRCA492,BRCA,-0.7,1.22,1.13,-0.81,1.19
BRCA493,BRCA,3.43,0.5,2.52,5.09,-1.64
BRCA494,BRCA,2.95,0.52,2.56,3.86,1.78
BRCA495,BRCA,0.2,1.82,2.67,2.94,1.89
BRCA496,BRCA,-3.54,1.34,-0.55,-3.06,1.08
BRCA497,BRCA,0.36,1.3,1.73,-0.83,2.57
BRCA498,BRCA,1.99,1.29,3.15,1.85,2.2
BRCA499,BRCA,2.42,0.22,1.28,2.42,1.45
BRCA500,BRCA,-1.07,0.4,0.33,-1.13,-0.85
BRCA501,BRCA,2.07,0.47,3.27,2.55,0.69
BRCA502,BRCA,3,0.12,3.08,4.42,0.2
BRCA503,BRCA,1.84,1.5,1.17,3.2,2.32
BRCA504,BRCA,1.09,1.76,2.71,-2.8,3.48
BRCA505,BRCA,1.05,0.82,1.05,2.83,0.21
BRCA506,BRCA,-0.7,0.3,-0.46,-2.56,1.99
BRCA507,BRCA,1.51,0.38,-0.76,4.1,2.27
BRCA508,BRCA,2.98,0.7,3.6,3.95,2.07
BRCA509,BRCA,-1.12,-1.33,-1.83,-2.39,-0.5
BRCA510,BRCA,-0.36,1.03,1.68,-2.54,2.55
BRCA511,BRCA,1.67,0.39,1.82,-0.81,0.2
BRCA512,BRCA,2.19,-0.32,0.7,0.64,3.3
BRCA513,BRCA,1.23,1.13,1.51,0.94,-1.5
BRCA514,BRCA,1.01,1.33,1.96,3.75,-1.04
BRCA515,BRCA,2.05,0.82,2.54,3.1,3.39
BRCA516,BRCA,1.69,0.98,1.31,2.13,3.43
BRCA517,BRCA,1.84,-0.72,1.93,4.85,1.02
BRCA518,BRCA,2.46,0.34,2.01,4.8,0.09
BRCA519,BRCA,-1.04,0.3,-0.71,2.55,-1.33
BRCA520,BRCA,-3.91,0.15,0.28,-2.91,1.8
BRCA521,BRCA,2.72,1.5,2.97,4.2,1.38
BRCA522,BRCA,1.59,0.85,3,2.77,2.59
BRCA523,BRCA,-1.39,-0.18,0.98,-2.39,0.73
BRCA524,BRCA,-2.5,0.78,0.42,-3.83,1.87
BRCA525,BRCA,2.38,0.87,3.52,4.15,1.02
BRCA526,BRCA,2.23,0.77,2.91,4.78,3.32
BRCA527,BRCA,-3.5,1.57,-0.6,-3.27,-1.21
BRCA528,BRCA,2.42,0.63,2.49,5.44,-0.99
BRCA529,BRCA,2.39,0.8,2.66,4.42,2.82
BRCA530,BRCA,2.39,0.76,3.78,4.22,3.38
BRCA531,BRCA,1.03,0.59,1.75,2.04,1.56
BRCA532,BRCA,1.82,0.58,2.91,4.34,-0.37
BRCA533,BRCA,3.55,0.82,2.59,4.1,3.38
BRCA534,BRCA,2.72,-0.22,2.56,4.62,2.42
BRCA535,BRCA,1.79,-0.11,0.7,4.23,2.05
BRCA536,BRCA,3.11,0.85,4.74,5.31,3.22
BRCA537,BRCA,2.31,0.89,1.95,3.17,3.24
BRCA538,BRCA,0.41,-1.99,-0.7,-3.47,1.27
BRCA539,BRCA,1.91,1.48,1.99,4.37,3.2
BRCA540,BRCA,0.36,0.63,0.28,-2.43,1.98
BRCA541,BRCA,2.86,-0.34,1.86,5.16,3.12
BRCA542,BRCA,-2.52,0,-1.15,-3.63,0.86
BRCA543,BRCA,2.63,0.36,3.19,5.14,-1.29
BRCA544,BRCA,2.69,0,2.56,4.01,1.74
BRCA545,BRCA,1.54,1.11,2,1.76,3.08
BRCA546,BRCA,2,0.89,1.56,3.7,1.79
BRCA547,BRCA,-2.53,0.05,1.14,-0.93,1.16
BRCA548,BRCA,-2.21,1.08,-1.62,-1.31,1.59
BRCA549,BRCA,2.57,-0.08,2.04,3.5,2.14
BRCA550,BRCA,-0.44,1.28,-0.99,-2.53,1.36
BRCA551,BRCA,1.34,0.93,3.53,-0.37,3.23
BRCA552,BRCA,-0.19,1.36,0.6,-0.8,2.07
BRCA553,BRCA,1.36,0.68,1.36,2.64,4.05
BRCA554,BRCA,2.95,0.47,3.03,4.54,2.77
BRCA555,BRCA,3.5,0.9,3.27,4.58,1.59
BRCA556,BRCA,2.62,0.9,3.84,5.61,2.45
BRCA557,BRCA,-3.9,1.78,-2.08,0.45,-2.38
BRCA558,BRCA,-2.85,0.27,-1.28,-4.19,-0.41
BRCA559,BRCA,-0.96,-0.46,0.75,-1.39,2.47
BRCA560,BRCA,1.02,-0.11,2.26,2.4,-1.73
BRCA561,BRCA,1.24,1.26,1.92,2.75,1
BRCA562,BRCA,1.53,0.92,2.22,4.64,2.93
BRCA563,BRCA,2.91,0.78,2,2.66,3.04
BRCA564,BRCA,1.64,1.97,2.52,3.74,3.06
BRCA565,BRCA,1.61,1.85,2.35,1.98,2.52
BRCA566,BRCA,2.11,1.48,2.33,5,1.16
BRCA567,BRCA,2.94,0.53,3.4,4.93,3.26
BRCA568,BRCA,2.69,0.46,1.67,2.48,4.13
BRCA569,BRCA,-1.88,2.69,-1.59,0.79,-1.59
BRCA570,BRCA,2.86,1.64,1.83,3.87,3.44
BRCA571,BRCA,2.03,1.28,2.88,2.29,3.37
BRCA572,BRCA,2.59,1.2,3.33,4.88,3.38
BRCA573,BRCA,1.84,0.93,2.24,4.42,3.09
BRCA574,BRCA,1.91,0.99,3.99,4.01,3.53
BRCA575,BRCA,-0.7,2.5,1.93,2.27,-0.1
BRCA576,BRCA,1.68,0.72,2.41,3.54,2.45
BRCA577,BRCA,2.23,0.22,0.84,4.42,1.6
BRCA578,BRCA,1.7,0.35,3.04,4.43,2.64
BRCA579,BRCA,2.82,0.36,3.99,5.23,2.28
BRCA580,BRCA,2.62,0.69,2.63,3.92,-0.12
BRCA581,BRCA,3.39,0.15,4.57,5.1,2.62
BRCA582,BRCA,-1.3,1.65,-1.46,-2.1,-2.33
BRCA583,BRCA,-2.81,0.88,1.71,-3.42,3.46
BRCA584,BRCA,1.24,0.74,1.86,0.71,3.56
BRCA585,BRCA,3.05,0.76,3.12,4.75,2.5
BRCA586,BRCA,-1.2,-0.51,-1.31,-2.41,0.2
BRCA587,BRCA,0.15,0.64,0.36,0.79,0.48
BRCA588,BRCA,-2.94,2.64,-1.66,0.56,-2.13
BRCA589,BRCA,1.47,1.45,2.7,3.11,3.19
BRCA590,BRCA,1.7,0.24,2.09,3.8,3.54
OV1,OV,-3.46,0.82,-0.6,3.04,2.66
OV2,OV,-3.69,0.86,0.93,3.11,2.14
OV3,OV,-3.81,0.88,0,2.6,2.73
OV4,OV,-4.35,-1.9,-1.01,2.3,1.92
OV5,OV,-4.53,0.79,0.16,1.85,1.86
OV6,OV,-3.88,-0.54,-0.9,1.55,2.89
OV7,OV,-3.45,0.6,-1.06,2.59,2.75
OV8,OV,-4.25,0.83,-1.52,1.66,3.22
OV9,OV,-3.15,0.65,-0.98,0.67,2.64
OV10,OV,-4.25,0.55,-1.08,2.51,3.2
OV11,OV,-3.99,0.23,-1.72,2.87,2.94
OV12,OV,-3.43,-0.01,-0.69,2.88,2.74
OV13,OV,-3.21,-0.38,-1.01,2.27,2.74
OV14,OV,-4.31,0.03,-2.36,1.56,1.4
OV15,OV,-4.46,-0.21,-0.83,1.24,2.96
OV16,OV,-4.13,0.02,-2.18,2.48,1.36
OV17,OV,-3.83,1.27,-2.05,1.64,0.33
OV18,OV,-5.24,-0.14,-1.82,-1.92,0.97
OV19,OV,-4.72,1.14,0.35,1.54,2.13
OV20,OV,-4.29,0.43,-0.34,0.94,1.96
OV21,OV,-3.51,1.23,0.98,2.44,3.12
OV22,OV,-4.22,1.54,-0.24,0.83,0.43
OV23,OV,-5.55,0.45,-1.29,1.79,2.76
OV24,OV,-4.7,0.75,-0.88,2.15,2.44
OV25,OV,-4.72,-0.59,-0.39,0.77,0.9
OV26,OV,-4.44,-1.35,-0.8,2.45,2.35
OV27,OV,-5.3,-0.75,-2.54,0.88,2.67
OV28,OV,-5.27,-0.01,-0.67,0.89,1.49
OV29,OV,-4.52,-0.05,-2.46,0.11,1.32
OV30,OV,-5.96,0.54,-2.39,2.78,0.56
OV31,OV,-4.5,0.51,-1.11,0.88,1.68
OV32,OV,-4.01,1.91,-0.22,3.32,2.65
OV33,OV,-4.98,1.64,-1.32,2.55,2.3
OV34,OV,-4.66,0.31,-1.56,1.55,2.28
OV35,OV,-3.73,-0.11,-0.8,2.33,2.63
OV36,OV,-2.66,1.05,-2.27,1.59,2.77
OV37,OV,-4.68,1.14,-1.71,1.54,1.37
OV38,OV,-2.27,-0.01,-1.93,-0.43,0.67
OV39,OV,-4.87,0.39,-2.54,1,0.58
OV40,OV,-3.95,0.94,-1.63,1.9,2.02
OV41,OV,-4.51,-0.03,0.15,3.4,3.04
OV42,OV,-3.62,0.61,-0.45,1.81,3.76
OV43,OV,-2.9,0.66,-0.3,0.49,3.03
OV44,OV,-3.66,0.9,-2.46,2.12,1.82
OV45,OV,-3.83,-0.43,0.41,1.47,3.12
OV46,OV,-4.78,0.41,-2.88,1.21,-0.16
OV47,OV,-4.7,0.78,-0.26,1.68,2.2
OV48,OV,-4.56,1.01,-1.24,1.82,1.63
OV49,OV,-4.69,1.19,-1.75,2.01,2.13
OV50,OV,-4.22,0.92,-0.45,2.33,2.66
OV51,OV,-4.15,-0.65,-0.38,2.5,2.92
OV52,OV,-4.49,1.6,-1.7,1.67,2.6
OV53,OV,-4.53,0.75,-0.1,2.19,2.59
OV54,OV,-4.32,-0.08,-0.79,1.35,3.1
OV55,OV,-4.66,1.21,-0.73,0.74,1.1
OV56,OV,-4.95,1.12,-1.09,3.02,3.27
OV57,OV,-4.89,1.12,-0.52,2.31,3.27
OV58,OV,-5.23,0.66,-2.33,3.12,2.02
OV59,OV,-5.34,-0.1,-2.31,-2,1.02
OV60,OV,-4.7,0.09,-1.97,1.37,2.63
OV61,OV,-4.23,-0.05,-0.48,2,1.5
OV62,OV,-4.85,1.6,-1.74,1.87,1.28
OV63,OV,-4.52,-0.37,-0.57,1.66,3.71
OV64,OV,-5.21,0.43,-2.54,0.56,1.11
OV65,OV,-5.35,0.36,-0.39,1.73,1.43
OV66,OV,-5.58,0.32,-0.38,1.39,1.37
OV67,OV,-3.84,1.81,-0.85,1.92,3.54
OV68,OV,-4.48,0.41,-0.89,1.33,2.24
OV69,OV,-5.71,1.27,-1.2,-1.92,0.14
OV70,OV,-5,1.66,1.91,0.39,2.62
OV71,OV,-5.15,0.71,-1.05,1.6,2.38
OV72,OV,-4.16,0.65,-0.26,1.78,3.29
OV73,OV,-3.19,-0.01,-1.87,-2.08,1.71
OV74,OV,-3.48,1.05,-2.82,1.45,1.24
OV75,OV,-3.47,0.52,-2.11,1.57,2.88
OV76,OV,-3.53,-0.35,-0.87,-2.1,1.37
OV77,OV,-3.8,0.35,-2.59,1.87,2.66
OV78,OV,-3.84,0.28,-2.61,0.24,-0.05
OV79,OV,-3.28,0.11,0.51,2.51,3.16
OV80,OV,-2.39,-0.79,0.02,0.88,1.19
OV81,OV,-3.36,-0.75,-1.22,2.18,3.08
OV82,OV,-3.4,0.5,-1.93,1.66,2.32
OV83,OV,-3.7,-0.63,0.68,1.1,0.85
OV84,OV,-3.34,-2.75,-0.8,2.16,3.41
OV85,OV,-3.36,-0.52,-2.49,1.88,2.42
OV86,OV,-2.76,-0.34,-0.51,1.67,2.74
OV87,OV,-3.5,0.71,-1.9,1.42,2.94
OV88,OV,-3.41,0.82,-1.66,0.68,1.66
OV89,OV,-3.91,0.24,-0.4,1.5,1.61
OV90,OV,-3.62,0.88,-2.03,1.72,3.81
OV91,OV,-3.67,0.84,-2.6,1.48,2.18
OV92,OV,-3,-0.27,-1.7,1.38,2.5
OV93,OV,-2.97,0.03,-1.63,2.61,1.38
OV94,OV,-3.8,1.18,-2.01,1.59,2.5
OV95,OV,-3.06,-0.02,-1.56,2.91,3.02
OV96,OV,-3.17,0.38,-1.3,2.34,2.15
OV97,OV,-3.53,-0.34,-0.73,0.66,2.97
OV98,OV,-3.49,-0.4,-1.29,0.24,1.36
OV99,OV,-3.33,1.27,-0.67,1.74,3.55
OV100,OV,-3.95,1.22,-0.51,-0.62,2.46
OV101,OV,-2.08,-0.14,-1.58,2.03,2.42
OV102,OV,-4.34,0.56,-0.92,1,2.89
OV103,OV,-3.8,0.19,-1.77,-0.15,2.75
OV104,OV,-3.26,1.17,-1.09,1.48,2.99
OV105,OV,-3.47,-0.23,-0.68,0.86,2.19
OV106,OV,-3.57,0.07,-1.25,1.3,3.24
OV107,OV,-3.94,1.27,-3.19,1.7,1.71
OV108,OV,-3.36,0.4,-2.32,1.59,2
OV109,OV,-3.5,-0.46,-1.42,2.79,1.9
OV110,OV,-5.02,-2.72,0.38,1.93,3.87
OV111,OV,-3.28,0.13,-1.17,0.59,1.14
OV112,OV,-4.09,1.24,-1.32,1.05,0.18
OV113,OV,-3.82,0.28,-2.2,2.28,0.94
OV114,OV,-3.95,-0.11,-1.61,0.89,3.01
OV115,OV,-3.08,-0.23,-2.62,1.61,0.65
OV116,OV,-3.61,-0.44,0.22,1.57,1.79
OV117,OV,-4.17,-0.39,-1.16,1.14,1.99
OV118,OV,-3.66,0.73,-1.7,2.67,3.01
OV119,OV,-3.33,0.63,-1.2,-0.42,3.12
OV120,OV,-4.13,-0.67,0.23,1.49,2.11
OV121,OV,-3.47,-0.34,-2.17,1.55,3.13
OV122,OV,-3.36,-0.07,-0.03,2.5,1.64
OV123,OV,-3.59,-1.13,-0.9,0.72,1.77
OV124,OV,-4.75,0.35,-0.26,1.45,3.6
OV125,OV,-4.72,1.23,-1.87,0.34,2.08
OV126,OV,-4.67,-0.45,-0.39,1.29,3.98
OV127,OV,-5.96,-0.61,-1.81,1.76,-0.66
OV128,OV,-3.1,0.68,-0.49,1.01,3.12
OV129,OV,-3.19,1.38,-2.81,2.64,0.16
OV130,OV,-4.41,1.93,0.56,0.34,3.67
OV131,OV,-3.99,1.28,-0.4,-0.25,2.66
OV132,OV,-4.42,-0.16,-1.97,0.79,2.47
OV133,OV,-3.92,0.64,-2.16,1.56,1.93
OV134,OV,-4.38,0.24,-0.45,-0.08,2.79
OV135,OV,-4.8,1.43,0.22,2.06,3.34
OV136,OV,-4.09,0.83,-1.69,1.28,3.17
OV137,OV,-3.83,0.85,0.16,1.29,2.62
OV138,OV,-4.1,0.7,-1.5,1.65,2.94
OV139,OV,-5.21,1.02,-1.55,2.64,2.85
OV140,OV,-4.52,-0.4,-0.52,2.34,2.92
OV141,OV,-4.41,-0.18,-0.65,1.19,1.8
OV142,OV,-4.21,0.16,-0.12,0.14,2.27
OV143,OV,-5.2,0.98,-1.9,0.81,2.5
OV144,OV,-3.09,-0.7,-1.62,-0.58,0.31
OV145,OV,-4.77,0.84,-1.36,0.96,2.02
OV146,OV,-4.91,1.06,-0.86,1.94,4.04
OV147,OV,-4.5,0.12,-1.22,1.85,3.62
OV148,OV,-4.4,-1.31,-0.74,1.31,1.26
OV149,OV,-4.34,0.26,-0.98,3.39,1.45
OV150,OV,-3.85,0.09,-1.04,-0.13,-0.14
OV151,OV,-4.46,0.38,-1.54,2.59,3
OV152,OV,-4.23,-0.58,-2.01,1.32,2.76
OV153,OV,-4.12,1.11,-0.13,2.65,2.47
OV154,OV,-5.03,0.97,-1.15,1.92,1.42
OV155,OV,-5.24,-0.02,0.59,0.92,2.04
OV156,OV,-4.01,0.43,0.07,1.34,2.48
OV157,OV,-4.23,-1.26,-1.69,1.45,1.79
OV158,OV,-4.42,-1.92,-1.53,2.61,2.12
OV159,OV,-4.28,1.12,1.84,1.44,4.13
OV160,OV,-2.76,0.24,-1.44,-1.2,2.92
OV161,OV,-4.56,1.36,0.24,-2.47,3.15
OV162,OV,-4.39,1.29,-0.79,0.36,2.95
OV163,OV,-5.07,1.27,-0.68,1.8,2.81
OV164,OV,-4.5,1.37,-1.28,2.03,2.85
OV165,OV,-4.56,-0.99,-2.65,1.3,1.23
OV166,OV,-4.41,0.48,-1.6,1.61,1.31
OV167,OV,-4.72,0.35,-1.31,0.73,2.76
OV168,OV,-4.7,0.17,0.29,2.51,2.8
OV169,OV,-4.21,1.09,-1.79,2.33,2.18
OV170,OV,-5.21,0.62,-1.78,0.76,2.6
OV171,OV,-4.31,0.8,-1,1.84,2.55
OV172,OV,-3.82,0.87,-0.04,0.32,3.43
OV173,OV,-4.56,1.48,-2.23,1.77,1.24
OV174,OV,-3.91,1.04,0.16,2.71,3.03
OV175,OV,-3.84,0.81,-0.76,2.94,2.01
OV176,OV,-3.27,-1.17,0.21,-0.5,2.94
OV177,OV,-3.66,1,0.02,0.47,1.31
OV178,OV,-5.78,-0.04,-2.11,1.6,2.92
OV179,OV,-4.83,0.58,-0.79,1.79,1.61
OV180,OV,-4.37,0.13,-1.52,0.88,2.04
OV181,OV,-4.35,0.49,-1.47,1.98,3.62
OV182,OV,-3.17,0.51,-1.57,1.38,2.88
OV183,OV,-3.69,0.24,-1.26,0.88,2.37
OV184,OV,-2.65,-0.21,0.15,-3.47,-0.52
OV185,OV,-3.81,-0.3,-1.48,1.38,1.85
OV186,OV,-4.16,0.97,-0.86,1.25,3.62
OV187,OV,-4.18,0.98,-1.58,1.25,3.14
OV188,OV,-4.14,1.23,-0.8,1.63,3.21
OV189,OV,-5.06,1.43,-0.44,2.79,1.94
OV190,OV,-4.11,0,-1.63,0.85,2.2
OV191,OV,-4.85,0.14,-0.98,0.43,-0.86
OV192,OV,-4.86,-1.54,-1.67,0.45,3.05
OV193,OV,-3.51,-0.48,-0.58,2.66,3.36
OV194,OV,-4.7,0.21,-2.17,2.24,0.68
OV195,OV,-5.18,0.64,-1.5,0.82,0.68
OV196,OV,-4.21,0.44,-0.83,2.37,1.31
OV197,OV,-3.97,1,-2.1,1.61,3.04
OV198,OV,-5.47,0.01,-0.64,1.73,2.12
OV199,OV,-3.54,0.5,-0.34,1.12,2.54
OV200,OV,-3.46,0,-2.19,1.98,2.57
OV201,OV,-4.04,1.43,-0.54,1.39,2.7
OV202,OV,-3.98,-0.43,0.31,1.86,2.02
OV203,OV,-3.88,0.69,0.56,2.86,2.99
OV204,OV,-4.25,1.81,-1.24,1.51,1.87
OV205,OV,-3.94,0.13,-0.6,1.74,2.73
OV206,OV,-3.91,-0.17,-0.47,1.18,1.31
OV207,OV,-3.62,0.23,-1.68,1.36,2.71
OV208,OV,-4.44,0.29,-1.82,-3.43,0.54
OV209,OV,-5.9,0.45,-2.83,1.5,3.91
OV210,OV,-4.86,0.34,-0.26,1.51,2.45
OV211,OV,-3.71,0.79,-0.55,1.14,3.23
OV212,OV,-4.39,0.55,-2.16,2.22,1.99
OV213,OV,-3.75,-0.82,-1.29,1.86,2.76
OV214,OV,-5.39,1.57,-1.04,0.52,3.24
OV215,OV,-3.52,-1.7,-0.92,2.42,2.4
OV216,OV,-4.47,0.74,-1.08,3.22,2.42
OV217,OV,-2.92,-0.02,-1.71,-1.81,0.2
OV218,OV,-4.29,0.88,-1.81,1.27,0.31
OV219,OV,-4.35,0.42,-0.18,2.03,3.47
OV220,OV,-3.45,0.2,-1.08,1.85,2.51
OV221,OV,-3.5,-0.91,-2.31,1.12,2.26
OV222,OV,-3.86,0.42,-2.08,-3.05,1.92
OV223,OV,-3.41,1.37,-1.56,-0.06,2.54
OV224,OV,-4.55,0.35,-0.83,1.31,2.55
OV225,OV,-3.58,0.19,-1.45,-0.66,2.63
OV226,OV,-3.5,0.08,-1.33,1.18,2.21
OV227,OV,-4.68,-2.61,0.72,1.86,2.38
OV228,OV,-3.57,0.34,-1.8,2.47,3.16
OV229,OV,-3.87,0.55,-1.25,0.2,3.12
OV230,OV,-5.09,1.01,-0.19,1.31,3.85
OV231,OV,-4.69,1.21,-0.12,1.28,4.06
OV232,OV,-4.43,1.07,-0.72,2.3,3.22
OV233,OV,-4.95,0.73,-1.04,1.42,1.78
OV234,OV,-5.45,1.5,-1.13,2.36,1.86
OV235,OV,-4.14,1.05,-0.55,2.99,2.64
OV236,OV,-4.35,0.89,0.2,2.46,2.42
OV237,OV,-5.3,0.27,-1.01,1.31,1.79
OV238,OV,-4.53,1.2,-0.98,1.3,2.25
OV239,OV,-4.54,0.63,-2.35,-3.16,2.46
OV240,OV,-4.28,1.15,-1.35,1.57,3.04
OV241,OV,-5.12,1.19,-1.32,2.63,3.57
OV242,OV,-5.67,0.97,-0.74,1.92,2.13
OV243,OV,-4.95,0.48,-1.56,2.08,3.14
OV244,OV,-3.53,1.01,-1.26,2.07,3.02
OV245,OV,-3.85,1.48,-1.34,2.67,3.82
OV246,OV,-4.62,-0.17,-0.74,0.95,3.56
OV247,OV,-3.29,0.99,-0.38,2.32,2.85
OV248,OV,-2.79,0.36,-1.97,2.15,-0.38
OV249,OV,-4.2,0.12,-2.01,1.94,2.85
OV250,OV,-5.18,0.09,0.07,1.5,1.9
OV251,OV,-4.07,0.3,0.55,2.56,2.45
OV252,OV,-4.04,0.76,-0.96,2.53,3.67
OV253,OV,-4.84,0.48,-2.34,2.81,2.84
OV254,OV,-4.64,0.87,-2.33,1.63,1.62
OV255,OV,-4.88,0.04,-1.81,1.38,1.9
OV256,OV,-4.19,1.35,0.73,1.91,2.12
OV257,OV,-4.08,1.95,0.4,1.99,2.16
OV258,OV,-5.18,2.08,-0.28,3.36,1.52
OV259,OV,-4.46,1.06,-0.37,2.41,2.13
OV260,OV,-4.86,0.26,-0.82,-3.29,-0.28
OV261,OV,-4.19,1.01,-0.69,2.27,3.1
OV262,OV,-5.04,0.07,-1.6,2.27,1.46
OV263,OV,-3.64,1.33,-0.61,2.3,-0.2
OV264,OV,-4.14,1.22,-1.93,2.13,2.39
OV265,OV,-4.47,0.77,-0.04,1.36,2.24
OV266,OV,-4.16,0.6,-0.75,2.01,2.32
OV267,OV,-3.32,1.28,-0.54,1.09,1.41
OV268,OV,-4.83,0.8,-2.4,0.83,2.63
OV269,OV,-3.31,1.56,-1.66,1.88,2.64
OV270,OV,-4.13,0.45,-0.42,1.91,2.15
OV271,OV,-3.63,1.01,-0.14,1.47,2.95
OV272,OV,-3.95,0.88,-2.48,2.32,3.13
OV273,OV,-5.25,-1.06,0.02,1.03,0.61
OV274,OV,-5.14,1.32,-0.92,2.12,2.14
OV275,OV,-5,1.09,-0.14,2.2,1.96
OV276,OV,-4.63,1.35,-3.03,1.37,1.8
OV277,OV,-4.71,1.81,-1.02,2.55,2.56
OV278,OV,-3.48,1.55,0.7,1.54,3.22
OV279,OV,-4.4,0.32,-0.21,3.23,2.38
OV280,OV,-5.24,0.44,-0.98,2.17,2.36
OV281,OV,-3.95,0.92,0.44,1.01,2.84
OV282,OV,-4.34,0.91,-2.17,1.57,2.5
OV283,OV,-4.6,0.21,1.32,0.98,3.56
OV284,OV,-3.78,1.38,-0.44,1.57,2.14
OV285,OV,-3.99,0.37,-0.95,1.51,1.18
OV286,OV,-4.25,0.69,-2.68,2.27,-0.14
OV287,OV,-4.49,0.7,-1.06,2.76,2.13
OV288,OV,-3.76,0.95,-0.05,4.03,1.97
OV289,OV,-4.55,0.07,-1.91,1.49,2.8
OV290,OV,-4.08,0.87,0.89,2.57,2.59
OV291,OV,-3.57,-0.62,-1.01,2.18,3.76
OV292,OV,-4.05,0.73,0.34,2.67,2.79
OV293,OV,-3.41,1.33,0.24,2.62,3.81
OV294,OV,-5.69,0.86,-0.68,0.69,3.05
OV295,OV,-4.99,-1.11,1.64,-3.51,0.9
OV296,OV,-5.08,1.32,0.11,2.41,3.98
OV297,OV,-5.18,0.47,-0.44,2.97,2.77
OV298,OV,-5.06,-0.03,-0.32,2.55,4.08
OV299,OV,-4.91,0.59,-0.14,-0.75,2.84
OV300,OV,-4.14,1.04,0.45,1.8,2.62
OV301,OV,-5.69,-1.94,-2.77,3.45,3.84
OV302,OV,-5.73,0.82,-1.05,2.51,0.64
OV303,OV,-4.23,1.21,-1.72,2.95,-0.44
OV304,OV,-5.01,-1.67,-1.13,1.89,2.65
OV305,OV,-4.36,0.55,-2.05,1.6,2.48
OV306,OV,-5.91,0.41,-2.1,1.29,3.39
OV307,OV,-4.44,0.48,-1.72,2.64,2.37
OV308,OV,-4.25,1.75,-1.56,2.88,2.51
OV309,OV,-3.79,-1.24,-0.24,-0.02,2.66
OV310,OV,-4.12,1.11,-0.18,2.68,3.03
OV311,OV,-4.57,1.65,-0.51,2,3.21
OV312,OV,-4.46,0.16,-0.54,0.6,2.92
OV313,OV,-3.5,0.21,0.54,2.22,2.81
OV314,OV,-4.52,1.27,0.02,2.17,3.15
OV315,OV,-4.74,0.65,-0.39,2.47,2.48
OV316,OV,-4.44,0.4,0.28,2.25,2.75
OV317,OV,-4.39,1.15,-0.15,1.32,2.7
OV318,OV,-4.1,0.48,-0.62,1.82,2.84
OV319,OV,-4.58,-1.42,-0.37,1.71,3.78
OV320,OV,-4.24,0.51,-0.28,1.62,2.93
OV321,OV,-5.84,0.29,-0.73,1.73,1.08
OV322,OV,-4.6,0.87,0.35,2.3,2.72
OV323,OV,-3.79,1.77,-1.31,1.71,1.86
OV324,OV,-4.55,0.7,-1.17,0.77,1.72
OV325,OV,-0.94,0.97,-1.34,-5.03,0.01
OV326,OV,-4.63,1.67,0.33,2.8,1.77
OV327,OV,-4.33,1.49,-0.13,1.98,3.57
OV328,OV,-5.25,0.76,0.39,3.5,4.07
OV329,OV,-4.48,0.74,-0.9,1.48,3.51
OV330,OV,-5.77,0.72,-0.22,2.38,1.73
OV331,OV,-4.26,1.27,-0.05,1.65,3.4
OV332,OV,-4.71,1.88,0.34,2.13,2.29
OV333,OV,-2.99,0.15,-1.71,2.35,-0.02
OV334,OV,-3.93,0.92,-1.13,2.58,2.74
OV335,OV,-3.94,0.97,0.84,0.64,3.41
OV336,OV,-4.86,1.42,-1.17,1.81,2.71
OV337,OV,-5.48,0.12,0.96,1,3.21
OV338,OV,-3.68,1.32,-0.39,0.9,2.03
OV339,OV,-4.17,1.92,0.05,1.45,3.19
OV340,OV,-3.68,1.65,-0.65,1.28,1.87
OV341,OV,-3.82,1.2,0.94,2.15,0.93
OV342,OV,-4.34,0.96,-1.21,1,1.55
OV343,OV,-4.81,1.21,-0.5,1.84,3.02
OV344,OV,-4.51,0.92,0.41,1.62,2.7
OV345,OV,-4.67,0.19,-0.18,0.6,2.25
OV346,OV,-4.21,1.26,-1.93,1.37,2.3
OV347,OV,-4.26,1.87,-0.95,1.95,1
OV348,OV,-3.44,1.65,-1.29,3.27,2.82
OV349,OV,-3.99,1,-0.78,2.58,2.1
OV350,OV,-3.53,-0.3,-1.57,3.63,2.64
OV351,OV,-4.22,-0.29,-1.24,-3.37,-0.82
OV352,OV,-3.27,0.19,0.89,1.59,2.14
OV353,OV,-4.32,1.91,-0.44,0.22,2.58
OV354,OV,-4.6,0.77,-1,2.92,2.39
OV355,OV,-5.59,-1.46,-0.31,2.18,2.92
OV356,OV,-3.66,0.69,-0.07,2.26,-0.84
OV357,OV,-4.55,0.76,-1.54,0.13,-0.21
OV358,OV,-4.82,0.34,-0.42,2.9,2.83
OV359,OV,-5.17,1.73,-1.47,3.29,2.95
OV360,OV,-3.83,1.16,0.74,0.41,1.44
OV361,OV,-5.16,0.8,-0.92,2.2,3.15
OV362,OV,-4.19,1.48,-1.08,2.68,1.89
OV363,OV,-4.22,1.5,-0.53,2.32,3.27
OV364,OV,-4.72,1.27,-1.46,1.68,3.52
OV365,OV,-4.65,1.56,-2.05,1.84,2.4
OV366,OV,-3.93,0.92,-1.68,1.82,2.69
OV367,OV,-3.79,0.77,-0.01,0.67,2.4
OV368,OV,-4.68,1.26,-0.51,1.76,3.56
OV369,OV,-4.74,-0.18,-1.21,2.65,2.13
OV370,OV,-4.2,1.7,0.66,0.98,1.88
OV371,OV,-4.82,1.46,-0.62,-0.14,-1.92
OV372,OV,-4.1,1.11,0.23,0.97,3.6
OV373,OV,-4.71,1.4,-1.39,0.89,3.98
OV374,OV,-4.78,1.82,-0.24,2.72,2.36
OV375,OV,-3.94,-0.02,-0.6,1.1,3.24
OV376,OV,-3.17,-0.14,-2.57,0.63,3.87
OV377,OV,-3.97,0.26,-1.06,1.7,0.98
OV378,OV,-4.88,0.43,0.1,1.23,2.05
OV379,OV,-3.94,0.49,0.35,-0.35,2.66
OV380,OV,-4.85,-0.12,0.03,2.12,1.88
OV381,OV,-4.37,0.28,-0.98,2.3,2.65
OV382,OV,-3.95,0.3,0,1.4,2.91
OV383,OV,-3.74,0.77,-1.66,1.22,1.33
OV384,OV,-4.36,1.77,-1.34,1.8,1.18
OV385,OV,-4.61,0.28,-1.82,1.73,2.45
OV386,OV,-4,-0.04,-1.43,2.06,2.74
OV387,OV,-4.11,1.29,-0.09,1.55,3.68
OV388,OV,-3.95,1.13,-0.14,2.32,3.22
OV389,OV,-4.43,0.27,-0.35,1.56,2.71
OV390,OV,-4.54,-0.39,-1.33,2.94,1.45
OV391,OV,-5.05,1.19,0.45,-0.16,2.19
OV392,OV,-4.46,0.23,-0.71,1.64,2.6
OV393,OV,-4.34,0.4,-0.07,0.86,2.7
OV394,OV,-4.96,0.7,-0.17,1.96,2.21
OV395,OV,-3.96,1.59,0.3,1.6,1.89
OV396,OV,-3.75,-0.2,-1.55,0.82,2.8
OV397,OV,-4.29,0.74,-0.79,0.62,2.84
OV398,OV,-4.93,0.92,-0.68,1.57,3.78
OV399,OV,-4.91,0.88,0.14,1.77,2.78
OV400,OV,-4.98,0.28,-1.51,-2.13,-1.19
OV401,OV,-3.6,-0.67,-2.35,1.78,0.26
OV402,OV,-4.12,1.38,-0.85,1.52,1.62
OV403,OV,-3.94,1.04,-0.92,0.77,1.76
OV404,OV,-4.41,0.58,-0.12,2.51,1.73
OV405,OV,-3.66,0.14,0.9,0.76,-0.28
OV406,OV,-4.09,0.87,-0.94,1.55,2.42
OV407,OV,-3.59,0.42,0.62,0.99,1.85
OV408,OV,-4.47,-0.09,-0.22,1.72,2.5
OV409,OV,-5.03,1.48,-0.62,3.38,2.54
OV410,OV,-4.49,0.96,-0.6,3.08,2.56
OV411,OV,-4.73,0.82,-0.37,1.54,2.7
OV412,OV,-4.07,1.16,1.23,2.15,2.96
OV413,OV,-4.63,1.3,-0.36,-0.92,3.52
OV414,OV,-4.13,-0.31,0.05,-0.45,1.4
OV415,OV,-4.38,1.01,-2.51,2.43,1.17
OV416,OV,-3.93,0.51,-0.63,1.06,2.82
OV417,OV,-5.42,0.91,0.32,2.49,2.07
OV418,OV,-3.29,1.7,-2.05,0.8,2.49
OV419,OV,-4.8,-0.14,-0.33,1.74,3.25
OV420,OV,-4.02,0.74,0.51,0.8,1.98
OV421,OV,-3.68,0.93,-1.91,1.29,1.96
OV422,OV,-4.55,0.48,-1.46,1.45,3.36
OV423,OV,-4.18,-0.27,-0.16,0.61,2.17
OV424,OV,-3.03,0.48,-1.21,0.42,4.56
OV425,OV,-4.85,0.38,0.09,1.12,0.62
OV426,OV,-2.59,-1.34,-0.05,0.97,2.72
OV427,OV,-3.45,1.77,-0.92,1.9,2.82
OV428,OV,-3.54,0.75,-0.82,3.57,2.82
OV429,OV,-4.45,0.08,-1.09,1.58,1.67
OV430,OV,-4.09,0.5,-1.81,1.64,1.79
OV431,OV,-2.86,1.17,-2.22,2.28,2.19
OV432,OV,-3.57,0.11,-0.17,1.64,2.22
OV433,OV,-3.69,1.84,-1.04,1.28,2.13
OV434,OV,-4.1,1.03,-1.96,1.59,1.47
OV435,OV,-4.52,-0.13,-0.61,0.66,2.07
OV436,OV,-4.34,0.16,0.04,1.68,3.4
OV437,OV,-4.71,0.41,-0.45,4.34,2.52
OV438,OV,-4.3,-0.89,-0.3,2.7,2.62
OV439,OV,-3.89,0.64,-0.79,1.72,2.96
OV440,OV,-4.45,1.74,-0.38,2.23,0.73
OV441,OV,-3.37,1.29,0.44,0.98,2.83
OV442,OV,-3.7,0.34,-0.59,0.92,2
OV443,OV,-4.29,1.56,-0.15,2.66,2.36
OV444,OV,-4.27,1.37,-0.7,0.48,2.27
OV445,OV,-5.07,-1.38,-0.86,1.04,2.36
OV446,OV,-4.5,1.01,0.59,1.39,0.92
OV447,OV,-4.42,0.26,-0.61,1.56,2.17
OV448,OV,-5.1,0.97,-2.44,3.21,-0.18
OV449,OV,-3.93,0.84,0.24,-0.19,1.41
OV450,OV,-4.84,0.11,-1.73,1.55,1.19
OV451,OV,-4.49,0.83,-0.53,3.03,3.21
OV452,OV,-4.12,1.27,-0.78,1.4,1.04
OV453,OV,-4.27,0.67,0.84,0.32,3.37
OV454,OV,-3.99,1.92,-0.7,1.37,3.5
OV455,OV,-4.46,1.16,-2.5,2.14,1.58
OV456,OV,-4.01,0.33,-2.4,2.42,2.65
OV457,OV,-4.13,0.37,0.44,1.74,2.53
OV458,OV,-4.25,0.83,-0.33,3.29,2.52
OV459,OV,-4.42,0.57,-0.18,1.03,2.32
OV460,OV,-5.12,1.23,-1.3,0.27,1.6
OV461,OV,-3.89,0.28,-0.9,0.6,2.47
OV462,OV,-3.95,1.25,-2.01,1.25,2.6
OV463,OV,-4.14,0.5,-0.84,2.17,3.13
OV464,OV,-4.5,1.13,-0.17,2.15,3.46
OV465,OV,-4.75,0.11,-1.85,0.87,0.72
OV466,OV,-3.49,0.4,0,1.03,1.43
OV467,OV,-4.73,0.33,-0.4,2.46,2.49
OV468,OV,-3.98,1.27,-0.72,1.98,3.06
OV469,OV,-4.27,1.37,-0.86,2.16,1.94
OV470,OV,-3.72,-0.5,-1.94,2.01,3.16
OV471,OV,-4.46,0.61,-1.94,0,0.98
OV472,OV,-4.66,0.31,-1.36,0.88,2.55
OV473,OV,-3.18,1.23,-1.07,2.07,1.34
OV474,OV,-3.94,1.4,-1.59,0.84,2.29
OV475,OV,-3.76,0.18,-0.27,0.84,2.68
OV476,OV,-4.12,0.61,-0.84,1.14,2.81
OV477,OV,-5.25,0.2,-0.96,0.54,1.37
OV478,OV,-3.29,0.68,-0.34,2.72,3.12
OV479,OV,-3.39,0.32,-0.66,0.35,1.9
OV480,OV,-4.92,0.96,-2.23,2.72,1.3
OV481,OV,-4.88,1.68,0,2.18,3.15
OV482,OV,-4.05,1.34,0.14,1.68,2.73
OV483,OV,-2.78,0.21,-0.52,1.6,2.85
OV484,OV,-5.12,-0.17,0.32,1.53,0.46
OV485,OV,-2.89,0.84,-1.56,1.92,2.72
OV486,OV,-4.09,-0.02,-0.76,3.18,2.38
OV487,OV,-4.45,2.73,-0.25,1.66,-0.3
OV488,OV,1.4,0.04,-0.47,-4.23,1.84
OV489,OV,-4.99,1.03,-1.64,1.12,3.4
OV490,OV,-4.78,1.79,0.69,1.5,2.61
OV491,OV,-5.5,1.7,0.06,3.7,2.56
OV492,OV,-3.81,1.27,-0.19,2.56,2.4
OV493,OV,-3.9,1.26,-0.79,1.85,2.5
OV494,OV,-5.76,1.53,-0.79,1.62,0.95
OV495,OV,-5.68,0.44,-1.3,1.31,0.53
OV496,OV,-4.69,1.08,-1.35,0.02,-1
OV497,OV,-3.99,0.74,0.26,2.11,1.14
OV498,OV,-4.22,1.68,0.72,1.94,3.65
OV499,OV,-4.11,0.44,-2.09,0.64,2.26
OV500,OV,-3.26,-0.07,0.29,2.6,2.87
OV501,OV,-3.98,0,-0.69,2.03,2.15
OV502,OV,-3.76,1.35,-2.11,1.69,-0.69
OV503,OV,-4.87,0.64,-2.39,1.06,2.21
OV504,OV,-5.2,-1.4,-0.4,1.58,2.67
OV505,OV,-4.48,1.29,-0.89,1.26,3.52
OV506,OV,-4.37,0.04,-0.27,0.3,1.7
OV507,OV,-4.43,1.04,-0.68,1.32,2.22
OV508,OV,-4.04,0.95,-0.6,1.55,3.2
OV509,OV,-4.51,0.23,-1.21,2.8,2.23
OV510,OV,-5.04,-0.12,-0.3,2.12,3.06
OV511,OV,-4.09,-0.57,-0.34,0.19,1.2
OV512,OV,-4.5,1.58,0.19,2.37,3.18
OV513,OV,-5.54,0.13,-1.31,1.1,1.95
OV514,OV,-4.39,0.57,-0.55,1.29,3.04
OV515,OV,-4.3,1.08,0.8,1.04,3.03
OV516,OV,-3.5,0.96,0.38,1.34,2.69
OV517,OV,-3.55,1.26,-1.28,0.81,0.77
OV518,OV,-3.83,0.58,-1.8,1.69,2.67
OV519,OV,-4.11,0.51,-1.74,2.22,1.74
OV520,OV,-2.1,0.58,1.68,2.61,3.4
OV521,OV,-4,0.34,-1.36,1.78,0.15
OV522,OV,-4.35,0.86,0.4,1.69,1.79
OV523,OV,-4.32,1.36,-1.46,2.61,1.34
OV524,OV,-4.5,0.75,-1.95,1.77,2.7
OV525,OV,-4.18,0.66,-1.85,3.13,2.75
OV526,OV,-3.84,-0.22,-0.8,1.4,1.24
OV527,OV,-4.28,0.4,-1.06,1.86,2.76
OV528,OV,-3.72,1.2,-0.07,0.93,2.59
OV529,OV,-3.33,1.36,-2.37,2.16,2.38
OV530,OV,-5.25,0.78,-1.95,0.98,2.4
OV531,OV,-4.13,0.38,0.16,1.93,2.17
OV532,OV,-4.05,1.09,-1.43,1.29,3.67
OV533,OV,-4.57,1.67,-1.08,-0.3,2.92
OV534,OV,-5.71,1.35,-1.13,0.68,3.19
OV535,OV,-4.55,0.57,-0.1,2.53,3.15
OV536,OV,-4.21,0.6,0.72,-1.58,2.61
OV537,OV,-4.34,-0.08,0.42,2.34,3.77
OV538,OV,-4.47,1.41,-1.3,2.61,2.79
OV539,OV,-5.19,0.55,-0.5,1.86,2.21
OV540,OV,-4,0.34,-1.81,1.33,1.43
OV541,OV,-4.69,0.93,-2.46,0.96,3.88
OV542,OV,-3.33,-0.13,-2.11,2.88,-0.1
OV543,OV,-5.43,1.39,-0.83,1.66,3.33
OV544,OV,-3.39,-1.09,1.3,1.77,2.76
OV545,OV,-4.4,0.74,-0.6,1.8,2.2
OV546,OV,-3.49,0.91,-0.79,0.85,1.27
OV547,OV,-4.36,1.46,-1.24,1.87,2.47
OV548,OV,-4.89,0.42,0.26,1.36,2.92
OV549,OV,-5.37,0.66,-0.78,0.69,1.94
OV550,OV,-4.58,2.53,1.72,1.23,3.85
OV551,OV,-2.61,0.7,-1.22,-3.93,-3.32
OV552,OV,-5.21,1.11,-0.62,1.98,2.75
OV553,OV,-4.38,1.06,-1.68,2.21,3.16
OV554,OV,-5.15,1.34,-2.62,2.12,2.8
OV555,OV,-5.02,0.72,-0.15,3.54,2.67
OV556,OV,-3.89,0.23,-0.15,1.12,2.15
OV557,OV,-1.59,-1.09,-2.26,2.43,1.68
OV558,OV,-4.31,1.37,-1.04,-0.87,2.4
OV559,OV,-3.53,0.75,-1.26,-2.31,1.19
OV560,OV,-3.85,1.51,-1.11,1.47,2.26
OV561,OV,-3.96,0.7,-0.48,-0.6,2
LUSC1,LUSC,-3.66,-0.25,0.88,-0.81,0.85
LUSC2,LUSC,-4.77,0.09,0.53,-3.01,1.17
LUSC3,LUSC,-4.48,0.57,-0.02,-4.14,0.66
LUSC4,LUSC,-0.55,1.06,-0.72,-3.04,0.03
LUSC5,LUSC,-2.25,0.08,-0.61,-2.99,-1.04
LUSC6,LUSC,-4.28,0.26,-0.38,-3.71,-0.06
LUSC7,LUSC,-4.53,0.28,-0.47,-2.82,-0.69
LUSC8,LUSC,-2.23,-0.14,-1,-2.83,2.04
LUSC9,LUSC,-4.39,-1.08,0.17,-4.23,0
LUSC10,LUSC,-4.18,0.72,0.02,-3.12,-1.48
LUSC11,LUSC,-3.42,0.54,-1.14,-1.73,1.01
LUSC12,LUSC,-4.47,0.86,0.87,-4.1,-0.92
LUSC13,LUSC,-4.17,-0.07,-1.02,-4.3,0.6
LUSC14,LUSC,-3.27,-0.35,-0.78,-3.33,-0.47
LUSC15,LUSC,-4.02,0.21,-0.55,-2.85,-0.48
LUSC16,LUSC,-3.36,0.93,0.5,-2.65,1.68
LUSC17,LUSC,-4.09,0.85,-0.59,-0.81,0.54
LUSC18,LUSC,-4.2,0.7,-0.62,-4.37,0.39
LUSC19,LUSC,-4.77,-1.94,-0.92,-4.78,1.24
LUSC20,LUSC,-3.82,0.88,-0.28,-2.49,0.73
LUSC21,LUSC,-4.38,0.58,0.23,-3.44,2.45
LUSC22,LUSC,1.2,0.96,-1.25,-5.2,0.44
LUSC23,LUSC,-3.85,0.74,-0.68,-1.31,-1.41
LUSC24,LUSC,-4.6,0.49,-1.99,-3.89,0.27
LUSC25,LUSC,-3.71,-0.9,-1.29,-3.32,1.2
LUSC26,LUSC,-1.57,-0.48,0.99,-3.05,-0.61
LUSC27,LUSC,-2.34,0.25,-0.48,-2.5,-1.11
LUSC28,LUSC,-2.17,0.32,-0.34,-0.13,0.87
LUSC29,LUSC,-4.84,0.32,-0.51,-4.25,0.09
LUSC30,LUSC,-3.54,0.36,0.8,-1.55,2.05
LUSC31,LUSC,-1.78,1.18,-0.39,-2.8,2.35
LUSC32,LUSC,-3.01,-0.08,1.87,-1.83,1.99
LUSC33,LUSC,-3.77,-0.99,2.19,-2.46,1.92
LUSC34,LUSC,-3.66,0.31,-1.05,-3.58,0.21
LUSC35,LUSC,-3.08,0.75,-0.27,-2.54,2.92
LUSC36,LUSC,-4.39,-0.16,0.39,-0.79,2.47
LUSC37,LUSC,-3.96,1.03,0.3,-2.76,0.71
LUSC38,LUSC,-3.9,0.24,1.84,-2.66,1.68
LUSC39,LUSC,-2.68,-0.21,-0.27,-3.46,0.12
LUSC40,LUSC,-3.38,0.8,0.46,0.42,2.24
LUSC41,LUSC,-3.88,0.12,-0.03,-3.3,-0.42
LUSC42,LUSC,-4.16,0.1,-0.29,-3.73,1.72
LUSC43,LUSC,-3.88,0.65,-0.47,-2.86,-1.59
LUSC44,LUSC,-2.97,1.09,-0.25,-3.23,-0.18
LUSC45,LUSC,-4.44,-0.3,-0.34,-3.46,-0.4
LUSC46,LUSC,-4.9,0.51,-1.22,-4.84,0.96
LUSC47,LUSC,-3.9,-0.49,-1.04,-3.81,-0.25
LUSC48,LUSC,-3.58,-0.25,-0.47,-3.37,0.26
LUSC49,LUSC,-2.6,0.94,-0.45,-1.47,0.81
LUSC50,LUSC,-3.12,0.66,-1.3,-1.45,1.74
LUSC51,LUSC,-4.87,-0.43,-1.66,-4.05,-0.83
LUSC52,LUSC,-3.83,-0.22,-0.59,-3.06,-0.2
LUSC53,LUSC,-3.88,-0.63,-1.29,-3.37,-1.22
LUSC54,LUSC,-1.86,0.52,-1.45,-3.8,-0.13
LUSC55,LUSC,-4.58,0.87,-0.8,-2.88,2.5
LUSC56,LUSC,-4.39,0.03,-0.03,-3.54,0.44
LUSC57,LUSC,-2.8,0.84,0.55,-2.16,1.24
LUSC58,LUSC,-3.44,0.9,-0.11,-2.78,2.35
LUSC59,LUSC,-4.26,-0.22,-0.6,-3.79,-1.55
LUSC60,LUSC,-4.41,0.53,-0.76,-3.24,0.41
LUSC61,LUSC,-3.81,0.41,-0.92,-1.45,0.33
LUSC62,LUSC,-3.56,0.82,-0.61,-3.56,-0.41
LUSC63,LUSC,-3.78,0.79,-1.14,-2.74,-0.43
LUSC64,LUSC,-4.41,0.46,-1.04,-4.46,-1.32
LUSC65,LUSC,-3.58,-0.25,0.1,-2.83,-1.81
LUSC66,LUSC,-4.16,0.28,-0.37,-3.57,-1.43
LUSC67,LUSC,-4.08,0.1,0.38,-3.7,1.21
LUSC68,LUSC,-4.05,-0.49,-1.05,-3.17,0.12
LUSC69,LUSC,-4.33,0.69,-0.74,-3.03,0.23
LUSC70,LUSC,-3.5,-1.09,-0.67,-2.73,1.58
LUSC71,LUSC,-4.37,-0.13,-1.06,-3.58,-1.04
LUSC72,LUSC,-4.19,0.14,0.14,-3.53,-0.26
LUSC73,LUSC,-3.34,0.41,-0.64,-3.08,0.63
LUSC74,LUSC,-3.08,-0.14,1.85,-0.88,0.07
LUSC75,LUSC,-4.38,0.28,1.7,-2.92,3.24
LUSC76,LUSC,-3.7,0.24,-0.53,-3.56,0.17
LUSC77,LUSC,-4.37,-0.43,-1.12,-3.96,1.05
LUSC78,LUSC,-4.5,-1.51,-1.46,-3.86,0.8
LUSC79,LUSC,-2.06,0,0.78,-1.88,2.17
LUSC80,LUSC,-3.81,0.14,-0.8,-3.45,1.63
LUSC81,LUSC,-3.54,0.65,0.92,-0.34,1.65
LUSC82,LUSC,-4.82,-0.4,-0.88,-3.91,0.27
LUSC83,LUSC,-3.8,-0.24,0.1,-2,0.01
LUSC84,LUSC,-4.26,-0.39,0.25,-4.03,0.97
LUSC85,LUSC,-3.25,1.47,1.24,-2.22,1.93
LUSC86,LUSC,-2.75,1.04,0.44,-2.64,1.24
LUSC87,LUSC,-4.94,0.32,-1.29,-4.8,-0.38
LUSC88,LUSC,-3.49,0.9,-0.4,-3.12,0.21
LUSC89,LUSC,-4.48,0.04,-0.52,-3.34,1.5
LUSC90,LUSC,-4.23,-0.61,-1.81,-4.48,-1.34
LUSC91,LUSC,-4.76,0.28,-1.55,-3.66,-0.53
LUSC92,LUSC,-4.8,-1.29,1.13,-4.84,1.23
LUSC93,LUSC,-4.18,0.18,-0.22,-1.22,2.14
LUSC94,LUSC,-3.96,0.77,-0.44,-3.02,1.54
LUSC95,LUSC,-4.46,0.18,-0.41,-2.67,1.23
LUSC96,LUSC,-4.27,-1.18,0.99,-2.08,1.86
LUSC97,LUSC,-3.41,0.97,-0.16,-2.17,2.23
LUSC98,LUSC,-4.12,-0.06,-0.8,-3.72,-1.3
LUSC99,LUSC,-4.66,-0.46,-0.6,-2.97,1.49
LUSC100,LUSC,-3.88,0.27,-0.66,-4.25,-0.79
LUSC101,LUSC,-3.4,1.36,1.09,-2.49,1.86
LUSC102,LUSC,-4.01,-0.05,-0.57,-3.18,-1.08
LUSC103,LUSC,-4.48,0.39,0.63,-2.68,2.6
LUSC104,LUSC,-3.09,0.95,-0.47,-2.67,1.86
LUSC105,LUSC,-4.72,0.77,-2.29,-2.9,0.53
LUSC106,LUSC,-4.76,-0.04,-0.08,-3.76,0.51
LUSC107,LUSC,-2.94,0.83,-0.61,-2.23,1.08
LUSC108,LUSC,-3.67,0.71,0,-3.06,-1.09
LUSC109,LUSC,-4.68,0.36,-0.5,-4.32,-1.13
LUSC110,LUSC,-3.95,1.35,0.2,-2.66,1.25
LUSC111,LUSC,-4.32,1.25,-0.96,-2.7,-0.64
LUSC112,LUSC,-3.03,0.52,0.21,-1.64,1.21
LUSC113,LUSC,-3.36,-0.41,-1.85,-3.22,-0.48
LUSC114,LUSC,-4.03,-1.61,-1.14,-3.68,0.92
LUSC115,LUSC,-3.11,0.12,-0.74,-1.84,1.88
LUSC116,LUSC,-4.5,-0.54,-0.7,-2.67,0.81
LUSC117,LUSC,-3.29,0.3,-0.02,-2.86,1.11
LUSC118,LUSC,-4.13,0.54,-0.01,-3.05,0.22
LUSC119,LUSC,-4.43,0.92,-0.04,-3.56,2.76
LUSC120,LUSC,-2.1,0.78,0.62,-2.87,1.42
LUSC121,LUSC,-4.82,1.21,-0.09,-3.59,1.44
LUSC122,LUSC,-4.87,-0.55,1.03,-5.01,-0.4
LUSC123,LUSC,-3.56,1.26,-0.76,-3.04,-1.57
LUSC124,LUSC,-4.54,-0.38,0.2,-4.7,-0.6
LUSC125,LUSC,-4.58,0.08,-1.13,-2.59,0.69
LUSC126,LUSC,-4.44,-0.7,-0.12,-4.01,0.07
LUSC127,LUSC,-4.48,0.34,-1.39,-1.15,0
LUSC128,LUSC,-4.75,0.74,-0.09,-3.67,1.28
LUSC129,LUSC,-4.22,1.43,-0.58,-2.88,2.01
LUSC130,LUSC,-3.07,0,-1.07,-4.21,-0.59
LUSC131,LUSC,-3.64,0.46,0.31,-2,1.11
LUSC132,LUSC,-2.98,0.48,-1.28,-3.32,-0.75
LUSC133,LUSC,-2.57,0.59,0.13,-2.9,0.79
LUSC134,LUSC,-4.4,0.16,-0.01,-3.12,0.94
LUSC135,LUSC,-4.33,-0.86,0.76,-3.07,1.49
LUSC136,LUSC,-3.23,0.17,0.17,-0.31,1.14
LUSC137,LUSC,-4.12,0.77,-0.07,-3.06,1.42
LUSC138,LUSC,-4.34,-1.16,-0.96,-2.98,0.89
LUSC139,LUSC,-3,1.39,-0.09,-3.23,1.31
LUSC140,LUSC,-5.06,1.03,0.63,-4.04,-0.96
LUSC141,LUSC,-3.36,0.62,-0.73,-2.32,-0.69
LUSC142,LUSC,-4.29,-0.5,0.52,-1.85,1.33
LUSC143,LUSC,-0.8,0.48,1.54,0.34,2.19
LUSC144,LUSC,-2.32,1.04,-0.69,-2.15,2.07
LUSC145,LUSC,-3.83,0.22,-0.41,-3.57,-0.18
LUSC146,LUSC,-3.68,0.23,0.97,-3.3,0.86
LUSC147,LUSC,-4.05,0.53,-0.25,-3.54,1.91
LUSC148,LUSC,-2.87,1.1,0.19,-2.39,0.69
LUSC149,LUSC,-3.95,-0.43,0.36,-3.04,0.16
LUSC150,LUSC,-4.74,0.65,-0.5,-4.26,-1.39
LUSC151,LUSC,-3.53,0.6,-2.11,-4.02,-0.38
LUSC152,LUSC,-3.05,0.44,-0.8,-3.2,-0.63
LUSC153,LUSC,-3.72,0.71,-0.69,-2.23,0.61
LUSC154,LUSC,-4.42,0.01,-0.64,-3.52,0.72